author,bloc,PC1,PC2
Adrien Quatennens,Gauche radicale,0.22800388863446955,0.10826089925673661
Agnès Firmin Le Bodo,Centre / Majorite,-0.1630223775872886,-0.17947218402701057
Alexandre Portier,Droite,-0.13382474645183592,-0.06223536650529207
Alexandre Sabatou,Droite,-0.22009249255445462,-0.1561666213339691
Alexis Jolly,Droite,0.0041466509083900515,-0.10342364088783634
Alma Dufour,Gauche radicale,0.324307854153454,0.031075710795144304
Amélia Lakrafi,Centre / Majorite,0.28140024987594725,-0.03130143341666253
Anne Sicard,Droite,-0.019217577873728204,-0.18295262375600943
Anne-Cécile Violland,Centre / Majorite,-0.1998054234397516,-0.3149783800172032
Antoine Léaument,Gauche radicale,0.21935547934628163,0.11140649906781853
Antoine Villedieu,Droite,0.05506662780979192,-0.07416391294514108
Arthur Delaporte,Gauche moderee,0.20280101998310804,-0.10637079160019343
Aurore Bergé,Centre / Majorite,0.11354101053648316,0.05339485842285614
Aurélien Lopez-Liguori,Droite,-0.4024981908288328,-0.062219705684924666
Aurélien Saintoul,Gauche radicale,0.2977528454040069,0.028459417617620605
Aurélien Taché,Gauche radicale,0.29596134352199926,0.03701671447878576
Ayda Hadizadeh,Gauche moderee,0.1191091684768684,0.003121366466308701
Aymeric Caron,Gauche radicale,0.2708575629335717,0.14747788745537171
Bastien Lachaud,Gauche radicale,0.33191275302910406,-0.0026311839250999242
Belkhir Belhaddad,Centre / Majorite,-0.04140223301281516,-0.19099308403305626
Benjamin Haddad,Centre / Majorite,0.19696544887914397,-0.16131705846004823
Boris Vallaud,Gauche moderee,0.237913005247491,-0.10788112077730481
Brigitte Klinkert,Centre / Majorite,0.10501501157161543,-0.2735169877327395
Brigitte Liso,Centre / Majorite,-0.3888030179512021,-0.1856199333084032
Bruno Bilde,Droite,0.18592478653557026,-0.05413536620014686
Bruno Fuchs,Centre / Majorite,0.14340473481712773,-0.2099635253993677
Bruno Millienne,Centre / Majorite,0.04790839349727281,0.04753785762963243
Bryan Masson,Droite,-0.08197758294141623,-0.12191697561370947
Carlos Martens Bilongo,Gauche radicale,0.2994159508876112,0.017174529309072102
Caroline Abadie,Centre / Majorite,-0.16447827463412204,-0.016545996179795838
Caroline Colombier,Droite,-0.120379220766212,-0.04898445364235983
Caroline Parmentier,Droite,-0.07164876643360059,-0.13273266865816516
Caroline Yadan,Centre / Majorite,0.2987104741715476,-0.03076707975607012
Catherine Couturier,Gauche radicale,0.09670920547421513,-0.06617384504399183
Charles Sitzenstuhl,Centre / Majorite,-0.03706471103360461,-0.04526407145022445
Christophe Marion,Centre / Majorite,-0.17737321405750872,-0.3182919644219229
Claire Lejeune,Gauche radicale,0.30054177549361394,-0.03658092012912918
Clémence Guetté,Gauche radicale,0.2585952604134794,-0.014573650310971067
Clémentine Autain,Gauche radicale,0.33428466308729116,-0.07038889255017311
Constance Le Grip,Centre / Majorite,0.2164066354717746,-0.16260330629114375
Cyrielle Chatelain,Gauche moderee,0.2155926367008314,-0.12617982763915309
Cécile Rilhac,Centre / Majorite,-0.02538770090621946,-0.2594876046529712
Céline Calvez,Centre / Majorite,0.12360785914032565,-0.22313060658592582
Céline Hervieu,Gauche moderee,-0.36375882463513,-0.06607021142681664
Damien Maudet,Gauche radicale,0.18599831708656425,-0.05771932909495588
Daniel Labaronne,Centre / Majorite,-0.03538930511370906,-0.2926003816685834
Danielle Simonnet,Gauche moderee,0.2390639896374469,-0.10499403813289052
Danièle Obono,Gauche radicale,0.2778786243210513,0.024306129387822714
David Guiraud,Gauche radicale,0.3057642952409563,0.0540071978151743
Didier Martin,Centre / Majorite,-0.12623124747642298,-0.37656943232068846
Dominique Potier,Gauche moderee,0.1063508630845648,-0.1805388817447867
Edwige Diaz,Droite,0.08426062136655535,-0.10054217029118702
Elsa Faucillon,Gauche radicale,0.31905658050399915,-0.05770123475239807
Emmanuel Fernandes,Gauche radicale,0.22806281579794788,-0.07412141445943972
Emmanuelle Ménard,Droite,-0.012882358475143,-0.30507598690952537
Ersilia Soudais,Gauche radicale,0.26351206856123655,0.03346343540827706
Erwan Balanant,Centre / Majorite,-0.14883247905908223,-0.12890728372220833
Eva Sas,Gauche moderee,0.18986290289795266,-0.10702921770180052
Fabien Roussel,Gauche radicale,0.268081124588537,-0.13439243521363942
Florian Chauche,Gauche radicale,0.23232177066758175,-0.070377992474127
Franck Riester,Centre / Majorite,-0.05057367483596657,-0.11204385710037683
Frank Giletti,Droite,-0.2748708053524738,-0.05033689030533314
François Cormier-Bouligeon,Centre / Majorite,0.15891474041517642,-0.12640162923593717
François Piquemal,Gauche radicale,0.24754935052144228,-0.005148935425350409
François Ruffin,Gauche moderee,0.2802048515028623,-0.03211831388051941
Frédéric Maillot,Gauche radicale,-0.4273643537157634,-0.06975850327277414
Frédéric Valletoux,Centre / Majorite,-0.08876147308048575,-0.2710828160548428
Gabriel Amard,Gauche radicale,0.28408444354053675,-0.07094665957293837
Gabriel Attal,Centre / Majorite,0.11410282181034094,-0.2512242577299763
Gabrielle Cathala,Gauche radicale,0.30169349206841883,-0.05738565499250925
Gisèle Lelouis,Droite,-0.03551537302920353,-0.2490585245827039
Grégoire de Fournas,Droite,-0.5308793486130922,0.0134238218397046
Guillaume Bigot,Droite,0.19241797414422543,-0.00306435080086365
Guillaume Kasbarian,Centre / Majorite,-0.3979339834606357,-0.2963589453512647
Gérald Darmanin,Centre / Majorite,0.13847730534569694,-0.10841125286325673
Hadrien Clouet,Gauche radicale,0.26968432551898885,-0.01766637278362116
Hanane Mansouri,Droite,-0.24498553684153668,-0.08863431653916871
Hendrik Davi,Gauche moderee,0.25570625701706595,-0.08419178432705053
Hervé de Lépinau,Droite,0.12974864588681556,-0.0655070828506412
Hélène Laporte,Droite,0.03382055757315138,-0.0833354092579728
Ian Boucard,Droite,0.048926495958336425,-0.21512290966297584
Isabelle Santiago,Gauche moderee,-0.08693963231513713,-0.24989446697275036
Jean-Charles Larsonneur,Droite,0.11885292707125421,-0.08566767285177482
Jean-Claude Raux,Gauche moderee,0.2518330783478408,-0.03922135544742595
Jean-François Coulomme,Gauche radicale,-0.13300117201335804,-0.028925273127023567
Jean-Louis Thiériot,Droite,-0.13223996193386986,-0.12402324471177335
Jean-Paul Mattei,Centre / Majorite,-0.3398428865784701,-0.3552132334265663
Jean-Philippe Tanguy,Droite,-0.1616011764215697,-0.02840314030853975
Jean-René Cazeneuve,Centre / Majorite,-0.04138219882006261,-0.2874062599803222
Julie Delpech,Centre / Majorite,-0.11648073333865576,-0.23076723883774794
Julie Laernoes,Gauche moderee,0.12359061922798495,-0.04635545619582718
Julien Odoul,Droite,0.17913287498383265,-0.10852263241231967
Jérôme Buisson,Droite,0.2255994038497794,-0.03818304632343797
Jérôme Guedj,Gauche moderee,0.20360605113240834,-0.05647908576292135
Jérôme Legavre,Gauche radicale,0.31079407772880857,0.028551171007480853
Karine Lebon,Gauche radicale,0.04674899614821471,-0.031101115531462213
Kévin Mauvieux,Droite,-0.03904539273262641,-0.08259162343057679
Laetitia Saint-Paul,Centre / Majorite,-0.6249732220437559,-0.04878624108151222
Laure Miller,Centre / Majorite,-0.10075313129086838,-0.17828688569071358
Laurence Maillart-Méhaignerie,Centre / Majorite,-0.4477840800134683,-0.29462223962294987
Laurent Alexandre,Gauche radicale,0.07830033774615597,-0.10882191809463496
Laurent Croizier,Centre / Majorite,0.07960880946959194,-0.23957075480053167
Laurent Jacobelli,Droite,0.12193588313808595,-0.10794386662756049
Lise Magnier,Centre / Majorite,-0.4341767300700024,-0.0842529317776354
Louis Boyard,Gauche radicale,0.3041922375335216,0.03291579761405913
Loïc Kervran,Centre / Majorite,-0.07448666896905275,-0.3320096293359121
Ludovic Mendes,Centre / Majorite,-0.10770648029940348,-0.032277685787685154
M. Abdelkader Lahmar,Gauche radicale,-0.44509346510247494,0.10568557257174559
M. Adrien Quatennens,Gauche radicale,-0.2976967678693646,-0.0024797561903346184
M. Alexandre Portier,Droite,0.056036515397562076,0.24530549645087418
M. Alexandre Portier (DR),Droite,-0.19016208073681098,0.1424560581795347
M. Alexandre Sabatou,Droite,0.09135679066387468,0.043133648881735084
M. André Chassaigne,Gauche radicale,0.2720987468198879,0.047757779336556214
M. Andy Kerbrat,Gauche radicale,-0.05715809931693143,0.1683327352577651
M. Antoine Léaument,Gauche radicale,0.05874161870140215,0.32536110672197116
M. Antoine Vermorel-Marques,Droite,-0.006241359617320425,0.03496416022492488
M. Antoine Villedieu,Droite,-0.05998824313735282,0.016070784689608267
M. Arnaud Le Gall,Gauche radicale,0.21716568736393008,0.14792405937874176
M. Arthur Delaporte,Gauche moderee,-0.41475444819612817,0.060674921744570766
M. Aurélien Saintoul,Gauche radicale,0.205623644883,0.13264383815012692
M. Aurélien Saintoul (LFI-NFP),Gauche radicale,0.17497024436679304,0.05928653142838014
M. Aurélien Taché,Gauche moderee,0.21403132916558923,0.12121732965655842
M. Aurélien Taché (Écolo-NUPES),Gauche moderee,0.18440811173758137,0.05993726920777951
M. Aymeric Caron,Gauche radicale,0.14410746959879941,0.14248851242661076
M. Bastien Lachaud,Gauche radicale,0.21656520258230258,0.055073560171709786
M. Belkhir Belhaddad (RE),Centre / Majorite,0.05636657811125852,-0.04529519822036895
M. Benjamin Haddad,Centre / Majorite,0.21932382142060053,-0.09108444710289282
M. Benjamin Lucas,Centre / Majorite,-0.18008873568706404,0.1197458752696403
M. Benjamin Lucas-Lundy,Gauche moderee,0.13441131944445991,0.12100775917249448
M. Bernard Chaix,Droite,-0.005898321687418949,0.025017638723517525
M. Boris Vallaud,Gauche moderee,0.24912092442286185,-0.014147360970732431
M. Boris Vallaud (SOC),Gauche moderee,0.026644530551468756,-0.04754019371676627
M. Bruno Fuchs,Centre / Majorite,0.08818301150774,0.0386746732261235
M. Bruno Fuchs (Dem),Centre / Majorite,0.09982652813390562,0.02081715032748099
M. Bruno Retailleau,Droite,0.13221365276626856,0.08400346388078742
M. Carlos Martens Bilongo,Gauche radicale,0.05000078031041351,-0.027589668689919394
M. Charles Rodwell,Centre / Majorite,-0.319601794471549,0.03292867858861109
M. Charles Sitzenstuhl,Centre / Majorite,0.12308879188511873,0.05451710217812892
M. Charles Sitzenstuhl (EPR),Centre / Majorite,0.11576931184471821,0.01077879881187682
M. David Guiraud,Gauche radicale,0.14814359385229275,0.2329060089571899
M. Davy Rimane,Gauche radicale,0.010232520005290657,0.16867257263901755
M. Didier Martin,Centre / Majorite,-0.04843112547183675,0.15482787378275653
M. Dominique Potier,Gauche moderee,0.09697812532337119,-0.10786978290543633
M. Emeric Salmon,Droite,-0.3044927094408856,0.23405650599087094
M. Emmanuel Duplessy,Gauche moderee,-0.558364332475651,0.037741181196005495
M. Emmanuel Fernandes,Gauche radicale,0.036230797431467406,0.13152480372891195
M. Emmanuel Taché de la Pagerie,Droite,-0.4212274307104629,-0.004461396816822867
M. Erwan Balanant,Centre / Majorite,-0.20282809343960093,0.14085826247951946
M. Fabien Di Filippo,Droite,-0.4019660433239894,-0.12135020014200706
M. Fabien Roussel,Gauche radicale,0.22934983647124768,0.00595487412611641
M. Fabien Roussel (GDR-NUPES),Gauche radicale,0.11971044928884017,0.009332291896152912
M. Florian Chauche,Gauche radicale,0.0640874010138129,0.017734478963333435
M. Franck Riester,Centre / Majorite,-0.07132790602548926,0.058867698967364476
M. Frank Giletti,Droite,-0.01396686355699404,0.05886690832957011
M. François Bayrou,Centre / Majorite,0.2762354972927291,0.042101265377252436
M. François Cormier-Bouligeon,Centre / Majorite,0.1048100344744495,0.05254344194066723
M. François Cormier-Bouligeon (RE),Centre / Majorite,0.11710138941049475,0.002235844829877353
M. François Jolivet,Centre / Majorite,-0.45522026514798897,-0.05343582944760176
M. François Piquemal,Gauche radicale,0.07421138070490091,0.12176097677590217
M. François Ruffin,Gauche radicale,-0.06995430625482678,0.04456868421394205
M. Frédéric Falcon,Droite,-0.40650967965118284,0.3106422190376678
M. Frédéric Maillot,Gauche radicale,-0.2076552351278528,0.08531173025309231
M. Frédéric Mathieu,Gauche radicale,-0.05890781668818547,0.10312662502989613
M. Frédéric Petit,Centre / Majorite,0.2269796188188876,0.08066386479761233
M. Frédéric Petit (Dem),Centre / Majorite,0.055814821387967464,0.09760787605566551
M. Gabriel Amard,Gauche radicale,-0.3677222464746309,0.24384516152014163
M. Gabriel Attal,Centre / Majorite,0.22669714701056817,-0.03768162359642932
M. Grégoire de Fournas,Droite,-0.28501371463751174,0.16817571584517765
M. Guillaume Kasbarian,Centre / Majorite,-0.3772785902016253,-0.013520024851770064
M. Gérald Darmanin,Centre / Majorite,0.11639139003489998,0.11019560724124647
M. Hadrien Clouet,Gauche radicale,-0.16816671699566837,0.04827628891722265
M. Hendrik Davi,Gauche moderee,-0.005267096998900172,0.097373463408232
M. Hendrik Davi (EcoS),Gauche moderee,-0.15657422043152597,0.09315131205162844
M. Henri Alfandari,Centre / Majorite,-0.03017405387321014,0.05676224004819367
M. Hervé de Lépinau,Droite,-0.317311941982829,0.2264947358770552
M. Ian Boucard,Droite,-0.44670966581723986,0.1235421875550606
M. Jean-Charles Larsonneur,Droite,0.074675912012486,-0.06040382451085924
M. Jean-Claude Raux,Gauche moderee,0.041253057606249845,0.10255911710203627
M. Jean-Claude Raux (EcoS),Gauche moderee,0.09989363077232721,0.013016706548732836
M. Jean-François Coulomme,Gauche radicale,0.16226715691102622,0.06644044994250381
M. Jean-Louis Bourlanges,Centre / Majorite,0.2792863060262544,0.03584626287771364
M. Jean-Louis Bourlanges (Dem),Centre / Majorite,0.011590848879827094,-0.05033687983265507
M. Jean-Louis Thiériot,Droite,-0.14755734665842546,-0.055958540665730604
M. Jean-Marc Tellier,Gauche radicale,0.17501373142779955,0.09777750923975422
M. Jean-Noël Barrot,Centre / Majorite,0.32774751117617035,0.02675558692929882
M. Jean-Paul Lecoq,Gauche radicale,0.3172430236477275,0.06741900421997138
M. Jean-Paul Lecoq (GDR),Gauche radicale,0.23405828982375337,0.15671299585430798
M. Jean-Paul Mattei,Centre / Majorite,0.07367209130690497,0.018535608129414894
M. Jean-Philippe Nilor,Gauche radicale,-0.4070964193361402,0.12721096224456888
M. Jean-Philippe Tanguy,Droite,-0.006737857992573755,0.10920940336337019
M. Jean-Pierre Taite,Droite,-0.08341485555333299,0.02969919118997522
M. Jean-Victor Castor (GDR-NUPES),Gauche radicale,-0.20709786678338205,0.16693797448896736
M. Julien Odoul,Droite,0.18014929612067024,0.09115365911109982
M. Jérémie Patrier-Leitus,Centre / Majorite,0.18251101119333715,0.1498178794237347
M. Jérôme Guedj,Gauche moderee,0.22104272951439913,0.1635748496491814
M. Jérôme Legavre,Gauche radicale,0.12329809975363537,0.15863255611860358
M. Karim Ben Cheikh,Gauche moderee,-0.0710236899080707,0.061862211300132725
M. Laurent Croizier,Centre / Majorite,-0.5109343411990497,-0.125259231133888
M. Laurent Jacobelli,Droite,0.0345978984326367,0.15962641350604764
M. Laurent Marcangeli,Centre / Majorite,0.23910213243944015,-0.017744166783404146
M. Laurent Marcangeli (HOR),Centre / Majorite,-0.17278961194453377,0.042991222553378255
M. Laurent Saint-Martin,Gauche radicale,0.14454233825129142,0.1802343356387313
M. Laurent Wauquiez,Droite,-0.12966071424695208,0.057679884021632
M. Louis Boyard,Gauche radicale,0.07106550436129777,0.35892372074395246
M. Louis Boyard (LFI-NFP),Gauche radicale,-0.19552041550972876,-0.034805458494720685
M. Léo Walter,Gauche radicale,-0.5492165726567144,0.056156645758229026
M. Manuel Bompard,Gauche radicale,0.023244521944509083,0.1629310834003191
M. Marc Fesneau,Centre / Majorite,-0.029247041809119703,-0.049998653059908936
M. Marc de Fleurian,Droite,-0.5408486500001405,0.4133077943239257
M. Marcellin Nadeau,Gauche radicale,0.047868984713829124,0.014872726243834726
M. Mathieu Lefèvre,Centre / Majorite,0.19905343279126975,0.063092433538874
M. Mathieu Lefèvre (RE),Centre / Majorite,-0.18596227629046855,0.05754571352555555
M. Matthias Renault,Droite,-0.3065000040383921,0.05512935196358068
M. Matthias Tavel,Gauche radicale,-0.029116422808124605,0.15317808534837452
M. Maxime Laisney,Gauche radicale,-0.5439787099314725,0.024909297545112577
M. Meyer Habib,Droite,0.2140970023863417,0.07271737730784772
M. Michel Barnier,Droite,0.1903224612641474,0.03903843203304433
M. Michel Herbillon,Droite,0.07684843585264975,-0.14599938607023177
M. Nicolas Daragon,Droite,0.008796433670382605,0.016374312487652275
M. Nicolas Forissier,Droite,0.054050834852985986,-0.012996973764821668
M. Nicolas Metzdorf,Centre / Majorite,-0.35517925058727867,0.05749869754448054
M. Nicolas Sansu,Gauche radicale,0.2126891435293306,0.07897361936421306
M. Nicolas Turquois,Centre / Majorite,0.1307830754886356,-0.014260403782943186
M. Olivier Becht,Centre / Majorite,0.13775030917342476,0.019343640738905557
M. Olivier Falorni,Centre / Majorite,-0.22370853666257706,0.1126225715528895
M. Olivier Faure,Gauche moderee,0.09603425620496697,0.0015663171102199616
M. Olivier Fayssat,Droite,0.14922474050561274,0.11587517446658023
M. Patrick Hetzel,Droite,-0.04094291214003475,-0.04926368810470168
M. Paul Vannier,Gauche radicale,-0.44089446092825624,-0.10112858984943494
M. Peio Dufau (SOC),Gauche moderee,-0.10883520547967493,0.04607989342671364
M. Philippe Ballard,Droite,-0.14209597928753126,-0.11667994532643301
M. Philippe Brun,Gauche moderee,-0.06844559756234977,0.04110703409288043
M. Philippe Juvin,Droite,-0.23920468196544797,0.2067389919186258
M. Philippe Schreck,Droite,-0.43797127841446437,0.10366856236301547
M. Philippe Vigier,Centre / Majorite,-0.06300588743008476,-0.009799422444329828
M. Pierre Cazeneuve,Centre / Majorite,-0.1785758089450409,0.14469401578856
M. Pierre Dharréville,Gauche radicale,0.22535305554232432,0.014387131439006707
M. Pierre Henriet,Centre / Majorite,0.002847814163146555,0.11374857149257009
M. Pierre Meurin,Droite,-0.15302554535044693,0.20981968919103397
M. Pierre Pribetich,Gauche moderee,0.0169744253207732,-0.006692913844420865
M. Pierre-Henri Dumont,Droite,-0.0693347733584998,0.11295361776946473
M. Pierre-Henri Dumont (LR),Droite,0.035495973007307946,-0.0387542969583676
M. Pierre-Yves Cadalen,Gauche radicale,0.24177927716362935,0.14864141985208043
M. Pieyre-Alexandre Anglade,Centre / Majorite,0.2191154304817464,0.04202905279736931
M. Pouria Amirshahi,Gauche moderee,-0.12712423954558805,0.07296113617828359
M. Raphaël Arnault,Gauche radicale,0.04227099572805418,0.13494898596767643
M. Raphaël Arnault (LFI-NFP),Gauche radicale,-0.16382856655276087,0.08218225950809005
M. René Lioret,Droite,-0.11606891458355043,0.14240404994329403
M. René Pilato,Gauche radicale,-0.4711114804689671,0.2202353613570429
M. Richard Ramos,Centre / Majorite,0.12831795148598432,-0.10810909413884524
M. Roger Chudeau,Droite,0.11574180658406043,0.1546235917613989
M. Romain Baubry,Droite,-0.36402301171479234,0.2877341793460675
M. Romain Eskenazi,Gauche moderee,-0.47188663566975325,0.058499977178094874
M. Steevy Gustave,Gauche moderee,-0.3218838077993833,0.0821212687156951
M. Stéphane Peu,Gauche radicale,0.09970886872817514,0.012699804149560949
M. Stéphane Séjourné,Centre / Majorite,0.21097790577179246,0.015412914986098519
M. Stéphane Viry,Droite,-0.2802175056831129,0.19553004282736397
M. Sylvain Berrios,Centre / Majorite,-0.3001508095382352,0.15282632887614075
M. Sylvain Maillard,Centre / Majorite,0.15710253547655242,0.013620664781100484
M. Sébastien Chenu,Droite,0.04261626934851838,0.19535927997488675
M. Sébastien Delogu,Gauche radicale,0.14257043071699801,0.231996949574074
M. Sébastien Jumel,Gauche radicale,-0.2491860105248602,-0.08503909419066034
M. Sébastien Lecornu,Droite,0.20943386241109738,0.1846585531748261
M. Thani Mohamed Soilihi,Centre / Majorite,0.2069544917037867,-0.1284912746063278
M. Thibaut François,Droite,-0.44276326496451124,0.0723788400643384
M. Thierry Perez,Droite,-0.4171060485930048,-0.023398564093364296
M. Thomas Ménagé,Droite,-0.3216113307262189,-0.00215485876294389
M. Thomas Portes,Gauche radicale,0.2141039625874761,0.0894054953259496
M. Thomas Portes (LFI-NFP),Gauche radicale,-0.03846381498274322,0.04157962476355072
M. Théo Bernhardt,Droite,-0.2139832157396585,0.27296313117781135
M. Ugo Bernalicis,Gauche radicale,-0.07587379827351524,0.07443519270185062
M. Vincent Jeanbrun,Droite,-0.16884982176862476,-0.09041693044995157
M. William Martinet,Gauche radicale,-0.49327913905546,0.0698925621568872
M. Xavier Albertini,Centre / Majorite,0.1568848999348794,0.16941194951603888
M. Yoann Gillet,Droite,-0.44446305760990357,-0.02836281872408664
M. Éric Bothorel,Centre / Majorite,-0.12580659847108244,0.17453422155587692
M. Éric Ciotti,Droite,0.15857599570935854,0.0033411232966215234
M. Éric Coquerel,Gauche radicale,0.23780246680799783,0.056040178659132724
M. Éric Dupond-Moretti,Centre / Majorite,0.12224066402028812,0.13265278564068267
M. Éric Michoux,Droite,-0.2599760045072969,0.07459238820576565
M. Éric Pauget,Droite,-0.3136453301748788,0.04169828681028916
M. Éric Poulliat,Centre / Majorite,-0.5606541376016427,0.0006595229193023662
Manuel Bompard,Gauche radicale,0.3281494080083314,0.0014464650335850896
Marie Lebec,Centre / Majorite,0.14370415631829958,-0.2157907203528054
Marie Mesmeur,Gauche radicale,0.2294100664170218,0.020935506715811358
Marie Pochon,Gauche moderee,0.13583903133462205,0.1322974735315215
Marietta Karamanli,Gauche moderee,-0.22645373580826852,-0.23111147110205146
Marine Hamelet,Droite,-0.234566138364863,-0.1323109505686522
Marine Le Pen,Droite,0.13143532311444409,-0.10431216622717707
Mathieu Lefèvre,Centre / Majorite,-0.36914264757611115,-0.04833403068786881
Mathilde Panot,Gauche radicale,0.33089889978235526,0.0031488567101228965
Matthias Renault,Droite,-0.049241584580126445,0.06815117318232525
Matthias Tavel,Gauche radicale,0.23447403154868526,-0.09077556334205754
Matthieu Marchio,Droite,0.029075471950873764,-0.09406820665101195
Maud Gatel,Centre / Majorite,-0.002146985923343316,-0.08554608972160309
Maxime Michelet,Droite,-0.2755410713626051,0.06681546285604312
Michel Barnier,Droite,0.13114927280042463,-0.15733302455576742
Michel Guiniot,Droite,0.026329267946006017,-0.05653295054519423
Michel Herbillon,Droite,-0.15638628998515958,-0.34136935181641803
Michèle Tabarot,Droite,0.2109319399713185,-0.20207505327585326
Mme Alma Dufour,Gauche radicale,0.18373839719937238,0.18799872865751632
Mme Amélia Lakrafi,Centre / Majorite,0.024525319348711355,-0.06570124359975658
Mme Amélia Lakrafi (EPR),Centre / Majorite,-0.022404184150237996,0.14627239293832298
Mme Amélie de Montchalin,Gauche moderee,0.06750251552859106,0.12494064397269883
Mme Anaïs Belouassa-Cherifi,Gauche radicale,-0.520842173632094,0.27603876554947765
Mme Andrée Taurinya,Gauche radicale,0.19458332157959962,0.1525521323815609
Mme Annie Genevard,Droite,-0.056378059999174265,0.07119618779778406
Mme Aurore Bergé,Centre / Majorite,0.11799537755486747,0.2516971077155362
Mme Ayda Hadizadeh,Gauche moderee,0.10790519419186481,0.09268333616307906
Mme Brigitte Klinkert,Centre / Majorite,0.12507148434747223,-0.08563540207524264
Mme Caroline Abadie,Centre / Majorite,-0.11225957621864789,0.0665183536720321
Mme Caroline Yadan,Centre / Majorite,0.24704871710314252,0.06883625141003942
Mme Caroline Yadan (RE),Centre / Majorite,0.017421184557820612,-0.025248308055885516
Mme Catherine Colonna,Gauche radicale,0.2367205416426586,-0.013542814888828083
Mme Catherine Hervieu,Gauche moderee,0.04501553424893272,-0.0878100689392158
Mme Catherine Hervieu (EcoS),Gauche moderee,0.13624971925342938,-0.05135869435425825
Mme Christine Arrighi,Gauche moderee,-0.5105453557391108,0.038435327790273394
Mme Claire Lejeune,Gauche radicale,0.11473443460050037,0.04654746425834402
Mme Clémence Guetté,Gauche radicale,0.04262235066384533,0.12940024363050726
Mme Clémence Guetté (LFI-NFP),Gauche radicale,0.10949540242075419,0.14799653524357195
Mme Clémentine Autain,Gauche radicale,0.07689970300603358,0.019453165541555465
Mme Constance Le Grip,Centre / Majorite,0.11870777878686621,0.009195524234310448
Mme Constance Le Grip (EPR),Centre / Majorite,0.11828866461015836,0.019641912491166088
Mme Constance Le Grip (RE),Centre / Majorite,-0.35052533521542323,-0.10935967705613592
Mme Cyrielle Chatelain,Gauche moderee,0.32972232916477445,0.033793697499007264
Mme Cyrielle Chatelain (Écolo-NUPES),Gauche moderee,0.1528943149973309,-0.027914640612612618
Mme Céline Hervieu,Gauche moderee,0.019685294016170297,0.15263905582536524
Mme Danielle Simonnet,Gauche radicale,-0.0828687193870029,-0.00308057073863169
Mme Danièle Obono,Gauche radicale,0.16713063544735868,0.08505094932321536
Mme Delphine Batho,Gauche moderee,-0.2656894344005708,-0.03823873262738456
Mme Dieynaba Diop,Gauche moderee,0.11508214467464593,-0.0880320445004997
Mme Dieynaba Diop (SOC),Gauche moderee,0.12252256294139668,0.011697656803249492
Mme Dominique Faure,Centre / Majorite,-0.150229392601985,0.0751423932020541
Mme Elsa Faucillon,Gauche radicale,0.21162764095618797,0.06741441448350528
Mme Elsa Faucillon (GDR),Gauche radicale,0.1564029994483432,0.11163582557991898
Mme Eléonore Caroit,Centre / Majorite,0.1010365093345323,-0.07275717239604355
Mme Eléonore Caroit (EPR),Centre / Majorite,0.051685314748346776,-0.09222301372219155
Mme Emmanuelle Ménard,Droite,0.07435242228304582,0.0007687844880597974
Mme Emmanuelle Ménard (NI),Droite,-0.02400435736856982,-0.02461849284613751
Mme Ersilia Soudais (LFI-NFP),Gauche radicale,0.015070220861651109,0.11676379177611725
Mme Eva Sas,Gauche moderee,0.02187101031497955,0.04293995032537091
Mme Farida Amrani,Gauche radicale,0.017783217163408745,0.17804012444015643
Mme Fatiha Keloua Hachi,Gauche moderee,0.09921445835628445,0.021582001084163766
Mme Florence Goulet,Droite,-0.12692035498177634,-0.024434709421092944
Mme Francesca Pasquini,Gauche moderee,0.00909075130714728,0.03748213338705831
Mme Gabrielle Cathala,Gauche radicale,0.25488888623425976,0.11169702914110419
Mme Géraldine Bannier,Centre / Majorite,-0.2997020623871694,0.11164377891106218
Mme Julie Laernoes,Gauche moderee,0.16876235313360016,0.10823292873573709
Mme Laurence Boone,Centre / Majorite,0.23461101271463425,-0.053676769835590964
Mme Louise Morel,Centre / Majorite,0.004105186167426905,-0.12141899497119887
Mme Léa Balage El Mariky,Gauche moderee,-0.20927825175898232,0.37724938150751836
Mme Marianne Maximi,Gauche radicale,0.07052190354932325,0.031124771287391526
Mme Marie Mesmeur,Gauche radicale,0.06491718292359931,0.26915003476438254
Mme Marie-Agnès Poussier-Winsback,Centre / Majorite,0.14244018242851714,0.015136743031569193
Mme Marie-Agnès Poussier-Winsback (HOR),Centre / Majorite,0.040871785659878423,-0.031669053803548466
Mme Marine Le Pen,Droite,0.2684889816287298,0.01000657609292175
Mme Marine Le Pen (RN),Droite,0.12781599164904026,-0.03660869484756174
Mme Mathilde Hignet,Gauche radicale,-0.45405716619427183,0.04861150329316504
Mme Mathilde Panot,Gauche radicale,0.2929375780566531,0.15985456387759253
Mme Mathilde Panot (LFI-NFP),Gauche radicale,0.16864544872359602,0.14691854768636997
Mme Mathilde Panot (LFI-NUPES),Gauche radicale,-0.2341797312157856,-0.025916231798606196
Mme Mereana Reid Arbelot,Gauche radicale,-0.2877750977467071,0.11982888780104123
Mme Michèle Tabarot,Droite,0.2009539562098068,-0.014489066731781068
Mme Michèle Tabarot (DR),Droite,-0.08282337559782732,-0.07796399689553574
Mme Michèle Tabarot (LR),Droite,-0.01991961164504905,-0.024736294549037453
Mme Monique Chemillier-Gendreau,Droite,0.18905124729713801,0.160012608305425
Mme Nadège Abomangoli,Gauche radicale,0.042954228617299084,0.030603569990526498
Mme Nadège Abomangoli (LFI-NFP),Gauche radicale,0.05245289409033913,0.07004631288902904
Mme Natalia Pouzyreff,Centre / Majorite,-0.46635363040035593,0.005791755039934618
Mme Nathalie Colin-Oesterlé,Centre / Majorite,-0.1675669206937594,0.01871904858310086
Mme Nathalie Oziol,Gauche radicale,0.22837870972212795,0.08050643761860969
Mme Naïma Moutchou,Centre / Majorite,-0.26726496796279703,0.2978275283038403
Mme Pascale Bordes,Droite,-0.03928235517738009,0.16148994672163106
Mme Pascale Got,Gauche moderee,-0.17581836362045172,0.017320501297775008
Mme Pascale Martin,Gauche radicale,0.01580749126104713,0.08196487418439942
Mme Patricia Mirallès,Centre / Majorite,-0.07173506597474004,0.05779156852809655
Mme Prisca Thevenot,Centre / Majorite,0.25055433449339903,-0.0057949078572137065
Mme Sabrina Agresti-Roubache,Centre / Majorite,-0.0419612724390405,0.12789109382096436
Mme Sabrina Sebaihi,Gauche moderee,0.2856916777266923,0.12633943108913442
Mme Sabrina Sebaihi (EcoS),Gauche moderee,0.21488658972694052,0.034614711757985896
Mme Sandra Regol,Gauche moderee,-0.04749311714771292,0.1670982441235705
Mme Sandrine Rousseau,Gauche moderee,0.0945680611335746,-0.06331864961826449
Mme Sandrine Rousseau (EcoS),Gauche moderee,-0.4736759720709214,0.07652180963562608
Mme Sarah Legrain,Gauche radicale,-0.46436502325304485,0.20590728338091327
Mme Sophia Chikirou,Gauche radicale,-0.024479239013069327,0.20533640808839349
Mme Sophie Primas,Droite,0.23026003436311154,-0.03559623044773288
Mme Sophie Taillé-Polian,Gauche moderee,-0.07383619171814189,0.12784792976388157
Mme Soumya Bourouaha,Gauche radicale,0.2120180919944175,-0.010643602249177103
Mme Sylvie Bonnet,Droite,-0.2862217039761749,-0.05279906173748829
Mme Sylvie Retailleau,Gauche radicale,-0.49805661176438976,0.030837048532610847
Mme Ségolène Amiot,Gauche radicale,-0.13358129778270883,0.041692065046632996
Mme Violette Spillebout,Centre / Majorite,-0.12790257042914868,-0.02103227194715939
Mme Élisa Martin,Gauche radicale,0.04942575834972183,0.17602206814549698
Mme Élisabeth Borne,Gauche radicale,0.2718676589589399,0.005024982798633741
Mme Émeline K/Bidi,Gauche radicale,0.028063817374651065,0.07914987603890072
Mme Émilie Bonnivard,Droite,-0.4155471517151952,-0.08348548797004664
Mohamed Laqhila,Centre / Majorite,0.053813935788218595,-0.11660911399779118
Mélanie Thomin,Gauche moderee,-0.19852818332329944,-0.13640277432078696
Nadège Abomangoli,Gauche radicale,0.3542950845374539,-0.04054247205249764
Natalia Pouzyreff,Centre / Majorite,0.09191295654429173,-0.2711674879846133
Nathalie Oziol,Gauche radicale,0.2743183393903395,-0.012917075424212521
Nicolas Dupont-Aignan,Droite,-0.045948957458596125,-0.12135981486477483
Nicolas Turquois,Centre / Majorite,-0.4252593670140465,0.08673023980221176
Olivia Grégoire,Centre / Majorite,-0.23235994040013624,-0.13868933339773504
Olivier Falorni,Centre / Majorite,-0.1741470222982662,-0.010922945731735231
Olivier Faure,Gauche moderee,0.3287543332036714,0.008918516545268686
Olivier Fayssat,Droite,0.1212371565802949,-0.014466001634054548
Patrick Hetzel,Droite,-0.08945134451365146,-0.12007988761292343
Paul Christophe,Centre / Majorite,-0.5094393414537718,-0.1580651832441146
Paul Vannier,Gauche radicale,0.24690026763867995,-0.008941359185429083
Philippe Ballard,Droite,0.13496013638537316,-0.12111206666978672
Philippe Bonnecarrère,Droite,-0.320317445435974,-0.03957247133535733
Philippe Brun,Gauche moderee,0.14959090812491604,-0.021170568339910843
Philippe Gosselin,Droite,-0.11358379331066466,-0.16303819160867467
Philippe Juvin,Droite,0.0029828774986114664,-0.08443675277795036
Philippe Latombe,Centre / Majorite,-0.3379600630611558,-0.304714607393839
Philippe Schreck,Droite,0.03995459435799918,-0.07984491075283705
Pierre Cazeneuve,Centre / Majorite,0.14005193843267433,-0.2249045964483115
Pierre Meurin,Droite,-0.32802599061927923,-0.18333200701935082
Pierre-Henri Dumont,Droite,0.16927182732410945,-0.12864379589002334
Pierre-Yves Cadalen,Gauche radicale,0.251372311755781,-0.036821057555688604
Pouria Amirshahi,Gauche moderee,0.12423734589392833,-0.01567968972247036
Prisca Thevenot,Centre / Majorite,0.004619731782814964,0.010428351287133564
Raphaël Arnault,Gauche radicale,0.245135581130226,0.010693108302111783
René Pilato,Gauche radicale,0.1205371092006717,0.0998139926691546
Roger Chudeau,Droite,-0.07744453481566183,-0.049083140486881616
Sabrina Agresti-Roubache,Centre / Majorite,0.08610111860605041,-0.16651235883893784
Sabrina Sebaihi,Gauche moderee,0.33705499591109594,-0.026900753351602948
Sandra Regol,Gauche moderee,0.02987245195880168,-0.053265392881377396
Sandrine Rousseau,Gauche moderee,0.2206881792022956,0.006961801071328887
Sarah Legrain,Gauche radicale,0.2709926631149206,0.059050796915672145
Sophie Blanc,Droite,-0.13081998261089967,-0.04084609807064317
Soumya Bourouaha,Gauche radicale,0.28582705817247905,-0.040423808399993356
Stéphane Mazars,Centre / Majorite,-0.36463982187382205,-0.314069735376845
Stéphane Peu,Gauche radicale,0.21175587719149216,-0.12103494044216397
Stéphanie Rist,Centre / Majorite,-0.42225748104263455,-0.11965741956431168
Sylvain Maillard,Centre / Majorite,0.1544770814490748,-0.14801589557053377
Sylvie Bonnet,Droite,-0.3819490751327206,-0.1238315193755813
Sébastien Chenu,Droite,0.1892152855619381,-0.023174685384435977
Sébastien Delogu,Gauche radicale,0.25656410220695475,-0.04933643247557062
Sébastien Jumel,Gauche radicale,0.16282565783410366,-0.092576801658926
Ségolène Amiot,Gauche radicale,0.2655780942179335,-0.041838664474508645
Thomas Ménagé,Droite,0.021703036919748158,-0.14989982984650613
Thomas Portes,Gauche radicale,0.30856728852388365,0.016320758182344682
Théo Bernhardt,Droite,0.027576821768745013,-0.05168825394301092
Ugo Bernalicis,Gauche radicale,0.2965703333463162,-0.043733737581102466
Vincent Bru,Centre / Majorite,-0.14939051445646262,-0.14718501397409886
Vincent Jeanbrun,Droite,-0.29979507774869135,-0.12627384885769977
Violette Spillebout,Centre / Majorite,0.16196977817885952,-0.0051097867003694645
Virginie Duby-Muller,Droite,-0.2697083103063406,-0.41103210426877046
William Martinet,Gauche radicale,0.15075383750271515,0.01893363018225159
Yoann Gillet,Droite,0.03044235242942697,-0.1516620642594068
Élisabeth de Maistre,Droite,-0.4294203557985315,-0.017973153986070693
Élise Leboucher,Gauche radicale,0.22637909589729216,-0.06886617261002893
Éric Bothorel,Centre / Majorite,0.18661104441834073,-0.11017129175535287
Éric Ciotti,Droite,0.21143308269098368,-0.19155986088136434
Éric Coquerel,Gauche radicale,0.3357452227789061,0.008111268267936348
Éric Pauget,Droite,0.19257287269672854,-0.09845025828270997
Éric Poulliat,Centre / Majorite,-0.1644147320231238,-0.14355159444579568
