,param,coef,pvalue
0,Intercept,0.0317259432584357,0.9058235661870092
1,C(bloc)[T.Droite],-0.151646091358111,0.5169034301006096
2,C(bloc)[T.Gauche moderee],-0.4191473907737591,0.1320486705775218
3,C(bloc)[T.Gauche radicale],0.5036437207249715,0.0107533964363849
4,C(batch)[T.CHOC],0.1195775593296056,0.6559853987339928
5,C(batch)[T.NEW_OFFENSIVE],-0.0456273207592581,0.8567895688540537
6,C(batch)[T.OTHER],-0.3207608334495984,0.6426498124569917
7,C(batch)[T.POST_CIJ],-0.0965835566990968,0.7589630637575637
8,C(batch)[T.POST_SINWAR],-0.1684820519686332,0.6793499153191092
9,C(batch)[T.RAFAH],-0.4573809554273342,0.1191064579198283
10,n_tweets,-0.0055714919763634,0.5007185582992828
11,engagement_mean,0.0003129118184793,0.1435158049359586
