,batch,variable,degeneree
0,CEASEFIRE_BREACH,ceasefire_breach_blame,True
1,CEASEFIRE_BREACH,two_state_mention,False
2,CHOC,condemns_hamas_attack,False
3,CHOC,displacement_mention,False
4,CHOC,proportionality_issue,False
5,CHOC,self_defense_mention,False
6,MANDATS_CPI,genocide_framing,True
7,MANDATS_CPI,icc_warrants_position,True
8,NEW_OFFENSIVE,conquest_framing,False
9,NEW_OFFENSIVE,state_recognition_mention,False
10,NEW_OFFENSIVE,transpartisan_convergence,False
11,POST_CIJ,genocide_framing,True
12,POST_CIJ,icj_reference,False
13,POST_SINWAR,ethnic_cleansing_frame,False
14,POST_SINWAR,sinwar_reaction,True
15,RAFAH,genocide_framing,True
16,RAFAH,icc_mention,False
17,RAFAH,rafah_reaction,True
