,author,bloc,stance_initial,stance_final,delta_individuel,n_textes
37,Erwan Balanant,Centre / Majorite,-1.5,1.0,2.5,6
70,M. David Guiraud,Gauche radicale,2.0,-0.3333333333333333,-2.333333333333333,217
71,M. Erwan Balanant,Centre / Majorite,-1.0,1.0,2.0,6
84,M. Pierre Meurin,Droite,2.0,-1.0,-3.0,4
89,M. Thomas Portes,Gauche radicale,-2.0,2.0,4.0,668
92,Marie Lebec,Centre / Majorite,-1.5,0.25,1.75,10
112,Mme Sandrine Rousseau,Gauche moderee,1.25,-2.0,-3.25,36
113,Mme Sophie Taillé-Polian,Gauche moderee,1.5,-0.5,-2.0,4
125,Pierre Cazeneuve,Centre / Majorite,-1.0,1.0,2.0,11
