month,ecart_gr_droite,position_relative_centre,n_min,mois_retenu
2023-10,2.7117829457364344,0.20231244976408036,153,True
2023-11,2.5604098637540815,0.1460046615946172,55,True
2023-12,2.6154458598726116,0.3536681887366819,10,False
2024-01,3.105088495575221,0.1811542572141076,30,True
2024-02,2.9394444444444443,0.17467979006440545,32,True
2024-03,3.1102655166582105,0.2666024200088619,44,True
2024-04,2.870048879150514,0.14346957951609118,43,True
2024-05,3.25078320802005,0.27944801307688594,63,True
2024-06,3.02031746031746,0.280917999385521,24,True
2024-07,3.324846625766871,0.2734740460545424,14,False
2024-08,3.027926322043969,0.032193316887194394,16,True
2024-09,2.805380116959064,0.022513132660718745,15,True
2024-10,2.773217391304348,0.06987869774775583,23,True
2024-11,2.807388449983309,0.09830096446029861,30,True
2024-12,2.396116504854369,-0.09737979470556457,6,False
2025-01,2.4078129624149156,0.21304890040050836,29,True
2025-02,3.005405405405406,0.19207815565729236,12,False
2025-03,2.794217412372799,0.23864987891318273,18,True
2025-04,3.2068840579710143,0.31282862431885144,14,False
2025-05,3.0695792880258903,0.3337884666902875,50,True
2025-06,3.0211751102117512,0.2733352937682914,57,True
2025-07,3.162094389760096,0.25808437006515145,31,True
2025-08,3.4989262705798136,0.1670271218143559,14,False
2025-09,2.990881458966565,0.3790650406504066,21,True
2025-10,2.746153846153846,0.00447196422428622,10,False
2025-11,3.1537565521258006,0.33946445060018476,10,False
2025-12,3.062792877225867,0.14840881272949819,11,False
2026-01,3.2054794520547945,0.38995726495726496,1,False
