month,gaza,hamas
2023-10,8.046299235788192,-11.10399604279172
2023-11,4.728196456636044,-8.292803147755397
2023-12,2.0757189069398203,-2.428940925302162
2024-01,3.149666686491342,-7.95595448418585
2024-02,3.2693476378642736,-6.459750376258466
2024-03,5.205477151028351,-5.989262258041895
2024-04,3.4333702329089477,-7.572502513442511
2024-05,2.1835797537662764,-10.186931577302902
2024-06,1.891209122609628,-4.278571104456619
2024-07,2.8357598411759155,-4.872826089817946
2024-08,2.136979203436061,-4.659239127105586
2024-09,0.9726630547399449,-6.032427308131664
2024-10,3.77473483310821,-7.3626495782644
2024-11,2.789629647742184,-5.101754385230444
2024-12,0.7864692544917531,-2.981312505884287
2025-01,2.7787285784041065,-6.289731189535596
2025-02,1.9882440208308356,-6.280603427871832
2025-03,2.729231558578378,-5.190793918280328
2025-04,1.6516382430226524,-5.98226289455126
2025-05,5.051302136766898,-5.388629000688984
2025-06,3.7007765047085903,-7.498561441483562
2025-07,3.935226713838396,-8.06656605627573
2025-08,2.0364576166175765,-3.54061820127419
2025-09,3.281864732837997,-7.439582399570461
2025-10,3.1155034788429665,-6.103478942087192
2025-11,-1.0480964263653714,-2.816212140903713
2025-12,0.7638696224399157,-0.6687018205922796
