,registre,bloc,CHOC,POST_CIJ,RAFAH,POST_SINWAR,MANDATS_CPI,CEASEFIRE_BREACH,NEW_OFFENSIVE,z,p
0,indignation,Gauche radicale,50.8,57.1,74.5,72.1,68.1,58.0,67.8,5.190437572584799,2.0980045542542475e-07
1,indignation,Gauche moderee,22.0,26.1,58.5,42.9,48.4,27.1,47.1,3.5989260842185176,0.00031953398615040205
2,indignation,Centre / Majorite,25.1,25.5,28.5,15.2,18.8,33.3,26.5,0.8197464459621049,0.41236066643681013
3,indignation,Droite,33.2,31.2,47.9,20.9,22.2,39.3,43.2,1.9865972217676995,0.0469670493516098
4,grief,Gauche radicale,14.1,12.4,1.5,13.6,10.6,7.7,3.4,-7.017073037770869,2.2656419155553717e-12
5,grief,Gauche moderee,24.2,21.7,6.6,14.3,25.8,18.6,14.0,-1.7065785070161374,0.0879004228511864
6,grief,Centre / Majorite,5.9,23.6,10.0,15.2,12.5,15.9,11.0,1.8520665571843846,0.06401626607440918
7,grief,Droite,1.1,9.4,4.2,2.3,2.8,11.1,0.0,1.2350397017175536,0.21681572870347054
8,defiance,Gauche radicale,1.3,0.0,0.9,0.0,1.3,0.7,0.7,-0.8148081754456358,0.41518212050950465
9,defiance,Gauche moderee,0.5,0.0,0.0,0.0,0.0,0.0,0.0,-1.074676425852032,0.2825196217374384
10,defiance,Centre / Majorite,15.7,12.7,4.6,21.2,18.8,5.3,4.2,-4.586233842906722,4.51313098335023e-06
11,defiance,Droite,50.3,28.1,38.0,51.2,27.8,27.4,36.7,-4.084146445982701,4.423912592209164e-05
