cle,nom,bloc,n_textes
aymeric caron,Aymeric Caron,Gauche radicale,811
thomas portes,Thomas Portes,Gauche radicale,668
mathilde panot,Mathilde Panot,Gauche radicale,297
alma dufour,Alma Dufour,Gauche radicale,294
jerome legavre,Jérôme Legavre,Gauche radicale,287
caroline yadan,Caroline Yadan,Centre / Majorite,274
nadege abomangoli,Nadège Abomangoli,Gauche radicale,246
daniele obono,Danièle Obono,Gauche radicale,242
jean-francois coulomme,Jean-François Coulomme,Gauche radicale,240
david guiraud,David Guiraud,Gauche radicale,217
olivier faure,Olivier Faure,Gauche moderee,202
julien odoul,Julien Odoul,Droite,189
sabrina sebaihi,Sabrina Sebaihi,Gauche moderee,187
manuel bompard,Manuel Bompard,Gauche radicale,183
eric coquerel,Éric Coquerel,Gauche radicale,168
louis boyard,Louis Boyard,Gauche radicale,157
nathalie oziol,Nathalie Oziol,Gauche radicale,151
jerome buisson,Jérôme Buisson,Droite,142
gabrielle cathala,Gabrielle Cathala,Gauche radicale,140
raphael arnault,Raphaël Arnault,Gauche radicale,136
