month,Gauche radicale,Gauche moderee,Centre / Majorite,Droite,total,part_gauche_radicale,nombre_effectif_blocs
2023-10,645,153,255,300,1353,0.47671840354767187,3.079453755431409
2023-11,332,55,107,107,601,0.5524126455906821,2.653022101111299
2023-12,157,16,10,16,199,0.7889447236180904,1.5676734887771664
2024-01,226,30,64,32,352,0.6420454545454546,2.170099481574891
2024-02,225,55,65,32,377,0.596816976127321,2.413096996553422
2024-03,243,44,47,73,407,0.597051597051597,2.4174218875414093
2024-04,349,43,51,51,494,0.7064777327935222,1.8939248129637105
2024-05,608,92,104,63,867,0.7012687427912342,1.9131181711982037
2024-06,126,24,52,25,227,0.5550660792951542,2.6049744704514435
2024-07,163,14,27,40,244,0.6680327868852459,2.046332577163676
2024-08,99,16,35,34,184,0.5380434782608695,2.721981025888407
2024-09,225,21,15,19,280,0.8035714285714286,1.5178502284519475
2024-10,250,23,70,92,435,0.5747126436781609,2.4769939654156796
2024-11,209,38,30,43,320,0.653125,2.138948072022392
2024-12,103,10,6,15,134,0.7686567164179104,1.636827711941659
2025-01,218,29,41,31,319,0.6833855799373041,1.9950398964847966
2025-02,74,12,44,45,175,0.4228571428571429,3.196430435236405
2025-03,151,18,47,41,257,0.5875486381322957,2.4449009809365165
2025-04,230,14,26,24,294,0.782312925170068,1.5904173106646058
2025-05,309,50,122,74,555,0.5567567567567567,2.602859533044338
2025-06,548,57,116,101,822,0.6666666666666666,2.064985788942881
2025-07,347,35,31,77,490,0.7081632653061225,1.8681335781643897
2025-08,127,20,14,22,183,0.6939890710382514,1.9460166192108783
2025-09,343,57,21,47,468,0.7329059829059829,1.772784666688251
2025-10,260,10,57,40,367,0.7084468664850136,1.856524555817447
2025-11,101,19,10,17,147,0.6870748299319728,1.9732444525614101
2025-12,97,15,14,11,137,0.708029197080292,1.886142096271731
2026-01,73,1,8,4,86,0.8488372093023255,1.3670979667282812
