,bloc,batch,textes,cibles_interieures,adversaires_partisans,part_interieure,part_adversaires
0,Centre / Majorite,CEASEFIRE_BREACH,101,20,15,0.19801980198019803,0.1485148514851485
1,Centre / Majorite,CHOC,240,19,14,0.07916666666666666,0.058333333333333334
2,Centre / Majorite,MANDATS_CPI,15,1,1,0.06666666666666667,0.06666666666666667
3,Centre / Majorite,NEW_OFFENSIVE,186,33,23,0.1774193548387097,0.12365591397849462
4,Centre / Majorite,POST_CIJ,46,5,4,0.10869565217391304,0.08695652173913043
5,Centre / Majorite,POST_SINWAR,30,2,0,0.06666666666666667,0.0
6,Centre / Majorite,RAFAH,96,13,9,0.13541666666666666,0.09375
7,Droite,CEASEFIRE_BREACH,108,31,27,0.28703703703703703,0.25
8,Droite,CHOC,335,56,50,0.16716417910447762,0.14925373134328357
9,Droite,MANDATS_CPI,32,8,5,0.25,0.15625
10,Droite,NEW_OFFENSIVE,185,63,40,0.34054054054054056,0.21621621621621623
11,Droite,POST_CIJ,30,4,2,0.13333333333333333,0.06666666666666667
12,Droite,POST_SINWAR,37,15,5,0.40540540540540543,0.13513513513513514
13,Droite,RAFAH,67,30,28,0.44776119402985076,0.417910447761194
14,Gauche moderee,CEASEFIRE_BREACH,47,8,2,0.1702127659574468,0.0425531914893617
15,Gauche moderee,CHOC,150,20,2,0.13333333333333333,0.013333333333333334
16,Gauche moderee,MANDATS_CPI,28,2,1,0.07142857142857142,0.03571428571428571
17,Gauche moderee,NEW_OFFENSIVE,95,11,1,0.11578947368421053,0.010526315789473684
18,Gauche moderee,POST_CIJ,38,5,0,0.13157894736842105,0.0
19,Gauche moderee,POST_SINWAR,7,0,0,0.0,0.0
20,Gauche moderee,RAFAH,85,18,1,0.21176470588235294,0.011764705882352941
21,Gauche radicale,CEASEFIRE_BREACH,381,48,16,0.12598425196850394,0.04199475065616798
22,Gauche radicale,CHOC,688,140,27,0.20348837209302326,0.03924418604651163
23,Gauche radicale,MANDATS_CPI,215,22,4,0.10232558139534884,0.018604651162790697
24,Gauche radicale,NEW_OFFENSIVE,998,150,25,0.15030060120240482,0.025050100200400802
25,Gauche radicale,POST_CIJ,201,44,3,0.21890547263681592,0.014925373134328358
26,Gauche radicale,POST_SINWAR,146,10,3,0.0684931506849315,0.02054794520547945
27,Gauche radicale,RAFAH,603,113,19,0.18739635157545606,0.03150912106135987
