month,z
2023-10,-5.1109096118665525
2023-11,-1.8872228449739965
2024-02,-1.812676057025693
2024-03,-1.8459820451026487
2024-04,-3.486976745399891
2024-05,-7.440914447178825
2024-06,-3.213953290092065
2024-07,-4.155330815571012
2024-08,-0.7882626683320525
2024-09,-1.597739099116996
2024-10,-3.211202889296465
2024-11,-3.965519279929733
2025-01,-0.8655125933702037
2025-02,-2.3747304649669267
2025-03,-4.4277712557518045
2025-04,-3.780877851074681
2025-05,-3.873678913071487
2025-06,-3.9684542376032272
2025-07,-4.969887751873875
2025-08,-2.5306915912290324
2025-09,-4.009225786169712
2025-10,-2.8207434462038683
2025-11,-0.6728333811343176
