terme,avant,avant_bas,avant_haut,apres,apres_bas,apres_haut,n_avant,n_apres
apartheid,31.10005331437711,24.244017286273984,39.29304639774256,1.0303291433281505,0.5143365960956933,1.8435434436692786,70,11
"colonisation, colonies, colons",10.662875422072153,6.83190548013438,15.86551341467621,4.121316573312602,2.994554931356132,5.532675135376607,24,44
deux États,9.774302470232806,6.12550331981056,14.798411403556617,3.840317716041288,2.7558782964402395,5.209824616037066,22,41
"terrorisme, terroriste",10.662875422072153,6.83190548013438,15.86551341467621,33.532530301043444,30.1485347790668,37.19243820487249,24,358
otage(s),1.332859427759019,0.27486765723102957,3.8951808555812706,12.551282291452013,10.516218590930029,14.865269729038435,3,134
humanitaire,1.777145903678692,0.4842124460753176,4.550199340413939,17.42192915082145,15.008058711289674,20.113554528944274,4,186
cessez-le-feu,0.0,0.0,1.6389192527607674,9.647627432981771,7.874706201159437,11.700554077952,0,103
génocide,1.777145903678692,0.4842124460753176,4.550199340413939,5.151645716640752,3.8809245772314567,6.705575015076466,4,55
"antisémitisme, antisémite",19.992891416385287,14.582952189547923,26.752061710040344,13.862610292051478,11.719227507370046,16.28454276861468,45,148
droit international,10.662875422072153,6.83190548013438,15.86551341467621,8.617298289653622,6.946758656288042,10.568351379861383,24,92
