locuteur,interventions
Mme Aurore Bergé,9
M. Jean-Paul Lecoq,7
M. Jérôme Guedj,6
M. Julien Odoul,6
M. Meyer Habib,5
Mme Sabrina Sebaihi,5
Mme Elsa Faucillon,4
M. Frédéric Zgainski,4
M. Jean-Louis Bourlanges,3
M. Aymeric Caron,3
"Mme Laurence Boone, secrétaire d’État",3
Mme Stéphanie Kochert,3
Mme Hélène Laporte,3
Mme Annie Genevard,3
Mme Emmanuelle Ménard,3
M. Benjamin Saint-Huile,2
M. Jean-Louis Bourlanges (Dem),1
M. Mathieu Lefèvre,1
M. Mathieu Lefèvre (RE),1
Mme Elsa Faucillon (GDR-NUPES),1
M. Olivier Faure,1
M. Olivier Faure (SOC),1
"Mme Laurence Boone, secrétaire d’État chargée de l’Europe",1
Mme Ersilia Soudais (LFI-NUPES),1
Mme Stéphanie Kochert (HOR),1
Mme la présidente,1
